Department of Economics, Harvard University |HARVARD UNIV|1
Department of Economics, University of Chicago |UNIV CHICAGO|1
Economics Department, Massachusetts Institute of Technology (MIT) |MIT|1
Department of Economics, Princeton University |PRINCETON UNIV|1
Department of Economics, University of California-Berkeley |UNIV CALIF BERKELEY|1
Department of Economics, New York University (NYU) |NYU|1
Department of Economics, School of Arts and Sciences, Columbia University |COLUMBIA UNIV|1
Department of Economics, Stanford University |STANFORD UNIV|1
Economics Department, Yale University |YALE UNIV|1
Department of Economics, Boston University |BOSTON UNIV|1
Department of Economics, University of Pennsylvania |UNIV PENN|1
Department of Economics, Northwestern University |NORTHWESTERN UNIV|1
Economics Department, University of Michigan |UNIV MICHIGAN|1
Economics Department, Brown University |BROWN UNIV|1
Department of Economics, University of California-Los Angeles (UCLA) |UNIV CALIF LOS ANGELES|1
Department of Economics, University of California-San Diego (UCSD) |UNIV CALIF SAN DIEGO|1
Department of Economics, Boston College |BOSTON COLL|1
Economics Department, Dartmouth College |DARTMOUTH COLL|1
Economics Department, University of Wisconsin-Madison |UNIV WISCONSIN|1
Department of Economics, Cornell University |CORNELL UNIV|1
Economics Department, Georgetown University |GEORGETOWN UNIV|1
Department of Economics, University of Maryland |UNIV MARYLAND|1
Department of Economics, Duke University |DUKE UNIV|1
Department of Economics, Vanderbilt University |VANDERBILT UNIV|1
Economics Department, Michigan State University |MICHIGAN STATE UNIV|1
Economics Department, University of California-Davis |UNIV CALIF DAVIS|1
Department of Economics, Iowa State University |IOWA STATE UNIV|1
Department of Economics, Ohio State University |OHIO STATE UNIV|1
Department of Economics, University of California-Santa Barbara (UCSB) |UNIV CALIF SANTA BARBARA|1
Department of Economics, University of Minnesota |UNIV MINNESOTA|1
Department of Economics, University of Virginia |UNIV VIRGINIA|1
Department of Economics, Johns Hopkins University |JOHNS HOPKINS UNIV|1
Department of Economics, Rutgers University-New Brunswick |RUTGERS UNIV|1
Department of Economics, University of Southern California |UNIV SO CALIF|1
Department of Economics, Washington University in St. Louis |WASHINGTON UNIV|1
Department of Economics, Pennsylvania State University |PENN STATE UNIV|1
Economics Department, Stern School of Business, New York University (NYU) |NYU|1
Department of Economics, W.P. Carey School of Business, Arizona State University |ARIZONA STATE UNIV|1
Department of Economics, University of California-Irvine |UNIV CALIF IRVINE|2
Department of Economics, George Washington University |GEORGE WASHINGTON UNIV|2
Department of Economics, Tepper School of Business Administration, Carnegie Mellon University |CARNEGIE MELLON UNIV|2
Economics Department, University of California-Santa Cruz (UCSC) |UNIV CALIF SANTA CRUZ|2
Department of Economics, University of Texas-Austin |UNIV TEXAS|2
Department of Economics, University of Notre Dame |UNIV NOTRE DAME|2
Department of Economics, University of Colorado |UNIV COLORADO|2
Department of Economics, International Business School, Brandeis University |BRANDEIS UNIV|2
Department of Economics, Indiana University |INDIANA UNIV|2
Applied Economics Workshop, Booth School of Business, University of Chicago |UNIV CHICAGO|2
Department of Economics, University of Illinois at Urbana-Champaign |UNIV ILLINOIS|2
Argyros School of Business and Economics, Chapman University |CHAPMAN UNIV|2
Global Economics & Management Group, Anderson Graduate School of Management, University of California-Los Angeles (UCLA) |UNIV CALIF LOS ANGELES|2
Department of Economics, Tufts University |TUFTS UNIV|2
Department of Economics, University of Pittsburgh |UNIV PITTSBURGH|2
John E. Walker Department of Economics, Clemson University |CLEMSON UNIV|2
Department of Economics, University of Oregon |UNIV OREGON|2
Economics Department, Williams College |WILLIAMS COLL|2
Department of Finance and Business Economics, Marshall School of Business, University of Southern California |UNIV SO CALIF|2
Department of Economics, Krannert School of Management, Purdue University |PURDUE UNIV|2
Department of Economics, University of Washington |UNIV WASHINGTON|2
Department of Economics, University of Connecticut |UNIV CONNECTICUT|2
Department of Economics, Florida State University |FLORIDA STATE UNIV|2
Department of Economics, University of Illinois at Chicago |UNIV ILLINOIS|2
Department of Economics and Finance, College of Business, University of Wyoming |UNIV WYOMING|2
Department of Economics, Andrew Young School of Policy Studies, Georgia State University |GEORGIA STATE UNIV|2
Department of Economics, Wellesley College |WELLESLEY COLL|2
Department of Economics, University of Houston |UNIV HOUSTON|2
Economics Department, University of Missouri |UNIV MISSOURI|2
Department of Economics, University of North Carolina-Chapel-Hill |UNIV N CAROLINA|2
Department of Economics, State University of New York-Albany (SUNY) |SUNY ALBANY|2
Department of Economics, University of California-Riverside |UNIV CALIF RIVERSIDE|2
Department of Economics, Graduate School, City University of New York (CUNY) |CUNY|2
Department of Economics, Texas A&M University |TEXAS A&M UNIV|2
Economics Department, University of Rochester |UNIV ROCHESTER|2
Department of Economics, College of Business and Economics, University of Delaware |UNIV DELAWARE|2
Department of Economics, Brigham Young University |BRIGHAM YOUNG UNIV|2
Department of Economics, Emory University |EMORY UNIV|2
Department of Economics, Tulane University |TULANE UNIV|3
Department of Economics, Finance and Legal Studies, Culverhouse College of Commerce & Business Administration, University of Alabama-Tuscaloosa |UNIV ALABAMA|3
Department of Economics, Rensselaer Polytechnic Institute |RENSSELAER POLYTECH INST|3
Department of Business Economics and Public Policy, Kelley School of Business, Indiana University |INDIANA UNIV|3
Economics Department, University of Wisconsin |UNIV WISCONSIN|3
Department of Economics, Southern Methodist University |SO METHODIST UNIV|3
Economics Department, Eller College of Management, University of Arizona |UNIV ARIZONA|3
Department of Economics, Appalachian State University |APPALACHIAN STATE UNIV|3
Department of Economics, Rice University |RICE UNIV|3
Economics Department, George Mason University |GEORGE MASON UNIV|3
Economics Area, Fuqua School of Business, Duke University |DUKE UNIV|3
Department of Economics, State University of New York-Binghamton (SUNY) |SUNY BINGHAMPTON|3
Economics Department, Warrington College of Business, University of Florida |UNIV FLORIDA|3
Department of Economics, North Carolina State University |N CAROLINA STATE UNIV|3
Economics Department, Darla Moore School of Business, University of South Carolina |UNIV S CAROLINA;|3
Department of Economics, American University |AMERICAN UNIV|3
Department of Economics, State University of New York-Buffalo (SUNY) |SUNY BUFFALO|3
Department of Economics, Middlebury College |MIDDLEBURY COLL|3
Economics Department, Bryan School of Business and Economics, University of North Carolina-Greensboro |UNIV N CAROLINA|3
Managerial Economics and Decision Sciences (MEDS), Kellogg Graduate School of Management, Northwestern University |NORTHWESTERN UNIV|3
Department of Economics, Terry College of Business, University of Georgia |UNIV GEORGIA|3
Department of Economics, Auburn University |AUBURN UNIV|3
Department of Economics, Carol Martin Gatton College of Business and Economics, University of Kentucky |UNIV KENTUCKY|3
Department of Economics, University of Hawaii-Manoa |UNIV HAWAII MANOA |3
Department of Economics, College of William & Mary |COLL WILLIAM & MARY|3
Department of Economics, University of Kansas |UNIV KANSAS|3
Department of Economics, Santa Clara University |SANTA CLARA UNIV|3
Department of Economics, Hunter College, City University of New York (CUNY) |CUNY HUNTER COLL|3
Economics Department, Claremont McKenna College |CLAREMONT MCKENNA COLL|3
Department of Business Economics and Public Policy, Ross School of Business, University of Michigan |UNIV MICHIGAN|3
Department of Economics, School of Business, University of Miami |UNIV MIAMI|3
Department of Economics, School of Business, Virginia Commonwealth University |VIRGINIA COMMONWEALTH UNIV|3
Department of Economics & International Business, LeBow College of Business, Drexel University |DREXEL UNIV|3
Economics Department, Wesleyan University |WESLEYAN UNIV|3
International Economics Department, School of Advanced International Studies, Johns Hopkins University |JOHNS HOPKINS UNIV|3
Department of Economics, Hamilton College |HAMILTON COLL|3
Department of Economics, University of New Mexico |UNIV NEW MEXICO|3
School of Economics, Georgia Institute of Technology |GEORGIA INST TECHNOL|3
Economics Department, Clark University |CLARK UNIV|3
